kode_kelas,nama_kelas,lokasi_kelas
K817,Kelas S,"3953 Flowers Via Apt. 949
North Tiffany, PA 66702"
K975,Kelas P,"PSC 7095, Box 3784
APO AP 96636"
K912,Kelas U,"82292 Christopher Extensions Apt. 385
Millerfurt, OK 43814"
K860,Kelas C,"19739 Jeffrey Station
South David, LA 52420"
K786,Kelas T,"98943 Richard Cove Apt. 593
South John, AK 67960"
K343,Kelas H,"USNV Keller
FPO AP 49887"
K220,Kelas P,"9784 Webb Ranch Suite 634
Crystalborough, AZ 86216"
K628,Kelas G,"378 Terri Spur Apt. 575
Perezburgh, LA 45305"
K116,Kelas W,"366 Rebecca Mountain Suite 654
West Janiceport, RI 55413"
K773,Kelas Q,"1328 Michelle Shores Apt. 227
Matthewmouth, MT 44856"
K256,Kelas W,"85716 Jessica Forge
Johnfort, VA 49495"
K922,Kelas R,"937 Ashley Manors
North Jessica, SD 62047"
K736,Kelas P,"339 Richard Heights Apt. 734
Evansport, NE 47231"
K898,Kelas N,"1687 Martinez Track
Michealtown, PR 47177"
K330,Kelas K,"5146 Amy Valley
Barbarastad, AL 56226"
K808,Kelas T,"912 Crystal Manors Apt. 074
East Lisa, TN 44228"
K487,Kelas Q,"79204 Christina Wall
Buchananland, KY 18277"
K360,Kelas Z,"USNV Gomez
FPO AE 66783"
K432,Kelas E,"479 Rodgers Ford
Julieview, IA 96316"
K475,Kelas F,"663 Andrea Circles
Burnston, CO 31200"
K317,Kelas Z,"8655 Penny Walk
Richardmouth, MO 59654"
K457,Kelas A,"775 Farley Ford
Port Lisabury, NJ 82250"
K416,Kelas N,"9527 Troy Flats Suite 870
Stacyberg, TX 14289"
K144,Kelas G,"1929 Michael Alley
North Gregory, MT 64314"
K592,Kelas R,"7903 Simmons Route Apt. 703
Scottchester, VI 68715"
K149,Kelas V,"692 Pierce Village Apt. 997
Ruthtown, CT 69202"
K107,Kelas H,"4085 Bruce Ridges
New Andrewhaven, VI 19083"
K513,Kelas A,"688 Kim Common
New Jennifermouth, IL 60863"
K324,Kelas K,"93473 Steven Mills Apt. 693
West Donaldton, MA 38269"
K983,Kelas Z,"1669 West Crest Apt. 321
Port Monicashire, MT 11770"
